{"train_loss": [2.198011422699148, 1.9339449297298084, 1.841550585898486, 1.7558335607702082, 1.6771253239024768, 1.6454862572930076, 1.5481883558360012, 1.4578624123876744, 1.5135541680184277, 1.5673157952048562, 1.3908497880805621, 1.4380504935979843, 1.3631417629393665, 1.3294526717879556, 1.275082597678358, 1.2307567406784405, 1.3416184525598178, 1.1530103900215842, 1.158959828994491, 1.1020734255964106, 1.1695664105090229, 1.0821695883165707, 0.9375604255632921, 0.9405025853352114, 1.0372641452334144, 0.9874391860582612, 0.8853901021859862, 0.8868530067530546, 0.8734915723854845, 0.9227821014144204, 0.9431905495849523, 0.8663279163566503, 0.7609935003248128, 0.7480958131226626, 0.7416402013464407, 0.7150313034653664, 0.6587889153848995, 0.8155590932477604, 0.7296125150539658, 0.7461488213051449, 0.6842582689767535, 0.6532084359364076, 0.6381246975877068, 0.6911965503611348, 0.5929594923826781, 0.7088170711967078, 0.5529839684340087, 0.5528714648363265, 0.5410310084169562, 0.6915454830635678], "val_loss": [2.014358566357539, 1.86266244833286, 1.8559699058532715, 1.6743994538600628, 1.6870098205713124, 1.5728709743573115, 1.4634748697280884, 1.5405542162748485, 1.3913296186006987, 1.4201540075815642, 1.478543045429083, 1.4531253255330598, 1.4938428585345929, 1.525598338017097, 1.3260130423765917, 1.5076622458604665, 1.410604756612044, 1.500142141030385, 1.2795808613300323, 1.263886951483213, 1.4034410623403697, 1.2276811278783357, 1.3086627630087047, 1.5229472449192634, 1.308294484248528, 1.3034995817221129, 1.401836364888228, 1.3487694080059345, 1.3708133835058947, 1.4626741111278534, 1.285599261522293, 1.1481287903510606, 1.3647255152463913, 1.4853075169599974, 1.3607685909821436, 1.21488057076931, 1.4285919757989736, 1.2948490472940297, 1.307348404939358, 1.4140750112441869, 1.2004580050706863, 1.3190789887538323, 1.501338032575754, 1.4662864070672255, 1.4412689220446806, 1.2473345398902893, 1.3838478235098033, 1.368214643918551, 1.3895421853432288, 1.2510769258324916], "train_acc": [17.59656652360515, 27.32474964234621, 31.187410586552218, 35.1931330472103, 36.3376251788269, 39.34191702432046, 39.48497854077253, 42.48927038626609, 41.77396280400572, 38.76967095851216, 46.351931330472105, 46.78111587982833, 46.9241773962804, 50.78683834048641, 50.50071530758226, 54.64949928469242, 51.78826895565093, 56.36623748211731, 56.93848354792561, 61.802575107296136, 57.79685264663805, 61.945636623748214, 65.23605150214593, 69.95708154506438, 62.088698140200286, 64.52074391988555, 68.95565092989986, 69.52789699570816, 71.5307582260372, 67.81115879828326, 67.38197424892704, 67.95422031473534, 73.53361945636624, 74.67811158798283, 76.82403433476395, 74.2489270386266, 78.11158798283262, 71.81688125894135, 74.96423462088698, 73.2474964234621, 74.2489270386266, 76.82403433476395, 78.2546494992847, 75.3934191702432, 78.68383404864092, 72.81831187410586, 80.82975679542203, 80.11444921316166, 81.54506437768241, 77.25321888412017], "val_acc": [29.0, 37.0, 35.0, 38.0, 35.0, 43.5, 46.5, 39.0, 46.5, 49.5, 49.0, 47.5, 43.0, 45.5, 53.5, 41.0, 45.5, 47.0, 52.0, 54.0, 49.5, 58.5, 58.0, 49.5, 57.5, 58.0, 58.5, 52.5, 52.0, 53.0, 58.0, 61.5, 56.0, 56.5, 51.0, 61.5, 52.5, 53.5, 58.5, 57.5, 58.5, 54.0, 58.5, 60.0, 56.0, 60.5, 59.5, 59.5, 60.5, 61.0], "epoch": [0, 1, 2, 3, 4, 5, 6, 7, 8, 9, 10, 11, 12, 13, 14, 15, 16, 17, 18, 19, 20, 21, 22, 23, 24, 25, 26, 27, 28, 29, 30, 31, 32, 33, 34, 35, 36, 37, 38, 39, 40, 41, 42, 43, 44, 45, 46, 47, 48, 49]}